run_id,LassoNet,XGBoost,RF,baseline error
0,"([np.int64(0), np.int64(1), np.int64(2), np.int64(3), np.int64(4), np.int64(5), np.int64(6), np.int64(7), np.int64(8), np.int64(9), np.int64(10), np.int64(11), np.int64(12), np.int64(13), np.int64(14), np.int64(15)], 0.8278805120910384)","([np.int64(0), np.int64(1), np.int64(2), np.int64(3), np.int64(5), np.int64(6), np.int64(7), np.int64(8), np.int64(10), np.int64(11), np.int64(12), np.int64(14)], 0.9644381223328592)","([np.int64(0), np.int64(1), np.int64(2), np.int64(3), np.int64(4), np.int64(6), np.int64(7), np.int64(8), np.int64(10), np.int64(12), np.int64(13), np.int64(14)], 0.9317211948790897)",0.18349928876244664
1,"([np.int64(0), np.int64(1), np.int64(2), np.int64(3), np.int64(4), np.int64(5), np.int64(6), np.int64(7), np.int64(8), np.int64(9), np.int64(10), np.int64(11), np.int64(12), np.int64(13), np.int64(14), np.int64(15)], 0.8181818181818182)","([np.int64(0), np.int64(1), np.int64(2), np.int64(3), np.int64(5), np.int64(6), np.int64(7), np.int64(8), np.int64(10), np.int64(12), np.int64(14)], 0.9502840909090909)","([np.int64(0), np.int64(1), np.int64(2), np.int64(3), np.int64(4), np.int64(6), np.int64(7), np.int64(8), np.int64(10), np.int64(12), np.int64(13), np.int64(14)], 0.9431818181818182)",0.12926136363636365
2,"([np.int64(0), np.int64(1), np.int64(2), np.int64(3), np.int64(4), np.int64(5), np.int64(6), np.int64(7), np.int64(8), np.int64(9), np.int64(10), np.int64(11), np.int64(13), np.int64(14), np.int64(15)], 0.734375)","([np.int64(0), np.int64(1), np.int64(2), np.int64(3), np.int64(5), np.int64(6), np.int64(7), np.int64(8), np.int64(12), np.int64(14), np.int64(15)], 0.9573863636363636)","([np.int64(0), np.int64(1), np.int64(2), np.int64(3), np.int64(4), np.int64(6), np.int64(7), np.int64(8), np.int64(10), np.int64(12), np.int64(13), np.int64(14)], 0.9545454545454546)",0.16335227272727273
3,"([np.int64(0), np.int64(1), np.int64(2), np.int64(3), np.int64(4), np.int64(5), np.int64(6), np.int64(7), np.int64(8), np.int64(9), np.int64(10), np.int64(11), np.int64(12), np.int64(13), np.int64(14), np.int64(15)], 0.8278805120910384)","([np.int64(0), np.int64(1), np.int64(2), np.int64(3), np.int64(5), np.int64(6), np.int64(7), np.int64(8), np.int64(10), np.int64(11), np.int64(12), np.int64(14), np.int64(15)], 0.972972972972973)","([np.int64(0), np.int64(1), np.int64(2), np.int64(3), np.int64(4), np.int64(6), np.int64(7), np.int64(8), np.int64(10), np.int64(12), np.int64(13), np.int64(14)], 0.9559032716927454)",0.17496443812233287
4,"([np.int64(0), np.int64(1), np.int64(2), np.int64(3), np.int64(4), np.int64(5), np.int64(6), np.int64(7), np.int64(8), np.int64(9), np.int64(10), np.int64(11), np.int64(12), np.int64(13), np.int64(14), np.int64(15)], 0.7997159090909091)","([np.int64(0), np.int64(1), np.int64(2), np.int64(3), np.int64(5), np.int64(6), np.int64(7), np.int64(8), np.int64(9), np.int64(10), np.int64(12), np.int64(14)], 0.9758522727272727)","([np.int64(0), np.int64(1), np.int64(2), np.int64(3), np.int64(4), np.int64(6), np.int64(7), np.int64(8), np.int64(10), np.int64(12), np.int64(13), np.int64(14)], 0.9488636363636364)",0.1534090909090909
5,"([np.int64(0), np.int64(1), np.int64(2), np.int64(3), np.int64(4), np.int64(5), np.int64(6), np.int64(7), np.int64(8), np.int64(9), np.int64(10), np.int64(11), np.int64(12), np.int64(13), np.int64(14), np.int64(15)], 0.8264580369843528)","([np.int64(0), np.int64(1), np.int64(2), np.int64(3), np.int64(5), np.int64(6), np.int64(7), np.int64(8), np.int64(9), np.int64(12), np.int64(14)], 0.9658605974395448)","([np.int64(0), np.int64(1), np.int64(2), np.int64(3), np.int64(4), np.int64(6), np.int64(7), np.int64(8), np.int64(10), np.int64(12), np.int64(13), np.int64(14)], 0.9445234708392604)",0.155049786628734
6,"([np.int64(0), np.int64(1), np.int64(2), np.int64(3), np.int64(5), np.int64(6), np.int64(7), np.int64(8), np.int64(10), np.int64(11), np.int64(12), np.int64(13), np.int64(14), np.int64(15)], 0.7681365576102418)","([np.int64(0), np.int64(1), np.int64(2), np.int64(3), np.int64(5), np.int64(6), np.int64(7), np.int64(8), np.int64(10), np.int64(11), np.int64(12), np.int64(14), np.int64(15)], 0.9644381223328592)","([np.int64(0), np.int64(1), np.int64(2), np.int64(3), np.int64(4), np.int64(6), np.int64(7), np.int64(8), np.int64(10), np.int64(12), np.int64(13), np.int64(14)], 0.9601706970128022)",0.15362731152204837
7,"([np.int64(0), np.int64(1), np.int64(2), np.int64(3), np.int64(4), np.int64(5), np.int64(6), np.int64(7), np.int64(9), np.int64(10), np.int64(11), np.int64(12), np.int64(14), np.int64(15)], 0.7571022727272727)","([np.int64(0), np.int64(1), np.int64(2), np.int64(3), np.int64(5), np.int64(6), np.int64(7), np.int64(8), np.int64(9), np.int64(10), np.int64(12), np.int64(14)], 0.9630681818181818)","([np.int64(0), np.int64(1), np.int64(2), np.int64(3), np.int64(4), np.int64(6), np.int64(7), np.int64(8), np.int64(10), np.int64(12), np.int64(13), np.int64(14)], 0.9474431818181818)",0.18323863636363635
8,"([np.int64(0), np.int64(1), np.int64(2), np.int64(3), np.int64(4), np.int64(5), np.int64(6), np.int64(7), np.int64(8), np.int64(9), np.int64(10), np.int64(11), np.int64(12), np.int64(13), np.int64(14), np.int64(15)], 0.8221906116642959)","([np.int64(0), np.int64(1), np.int64(2), np.int64(3), np.int64(5), np.int64(6), np.int64(7), np.int64(8), np.int64(10), np.int64(13), np.int64(14)], 0.9786628733997155)","([np.int64(0), np.int64(1), np.int64(2), np.int64(3), np.int64(4), np.int64(6), np.int64(7), np.int64(8), np.int64(10), np.int64(12), np.int64(13), np.int64(14)], 0.9416785206258891)",0.17496443812233287
9,"([np.int64(0), np.int64(1), np.int64(2), np.int64(3), np.int64(4), np.int64(5), np.int64(6), np.int64(7), np.int64(8), np.int64(9), np.int64(10), np.int64(11), np.int64(12), np.int64(13), np.int64(14), np.int64(15)], 0.8196022727272727)","([np.int64(0), np.int64(1), np.int64(2), np.int64(3), np.int64(4), np.int64(5), np.int64(6), np.int64(7), np.int64(8), np.int64(10), np.int64(12), np.int64(14), np.int64(15)], 0.96875)","([np.int64(0), np.int64(1), np.int64(2), np.int64(3), np.int64(4), np.int64(6), np.int64(7), np.int64(8), np.int64(10), np.int64(12), np.int64(13), np.int64(14)], 0.9403409090909091)",0.15767045454545456
10,"([np.int64(0), np.int64(1), np.int64(2), np.int64(3), np.int64(4), np.int64(5), np.int64(6), np.int64(7), np.int64(8), np.int64(9), np.int64(10), np.int64(11), np.int64(12), np.int64(13), np.int64(14), np.int64(15)], 0.8196022727272727)","([np.int64(0), np.int64(1), np.int64(2), np.int64(3), np.int64(4), np.int64(5), np.int64(6), np.int64(7), np.int64(8), np.int64(9), np.int64(10), np.int64(12), np.int64(14), np.int64(15)], 0.9758522727272727)","([np.int64(0), np.int64(1), np.int64(2), np.int64(3), np.int64(4), np.int64(6), np.int64(7), np.int64(8), np.int64(10), np.int64(12), np.int64(13), np.int64(14)], 0.9446022727272727)",0.17755681818181818
11,"([np.int64(0), np.int64(1), np.int64(2), np.int64(3), np.int64(4), np.int64(5), np.int64(6), np.int64(7), np.int64(8), np.int64(9), np.int64(10), np.int64(11), np.int64(12), np.int64(13), np.int64(14), np.int64(15)], 0.7883522727272727)","([np.int64(0), np.int64(1), np.int64(2), np.int64(3), np.int64(5), np.int64(6), np.int64(7), np.int64(8), np.int64(10), np.int64(12), np.int64(14), np.int64(15)], 0.9431818181818182)","([np.int64(0), np.int64(1), np.int64(2), np.int64(3), np.int64(4), np.int64(6), np.int64(7), np.int64(8), np.int64(10), np.int64(12), np.int64(13), np.int64(14)], 0.921875)",0.17755681818181818
12,"([np.int64(0), np.int64(1), np.int64(2), np.int64(3), np.int64(4), np.int64(5), np.int64(6), np.int64(7), np.int64(8), np.int64(9), np.int64(11), np.int64(14), np.int64(15)], 0.7567567567567568)","([np.int64(0), np.int64(1), np.int64(2), np.int64(3), np.int64(5), np.int64(6), np.int64(7), np.int64(8), np.int64(10), np.int64(11), np.int64(12), np.int64(14), np.int64(15)], 0.9701280227596017)","([np.int64(0), np.int64(1), np.int64(2), np.int64(3), np.int64(4), np.int64(6), np.int64(7), np.int64(8), np.int64(10), np.int64(12), np.int64(13), np.int64(14)], 0.9516358463726885)",0.16358463726884778
13,"([np.int64(0), np.int64(1), np.int64(2), np.int64(3), np.int64(4), np.int64(5), np.int64(6), np.int64(7), np.int64(8), np.int64(9), np.int64(10), np.int64(11), np.int64(12), np.int64(13), np.int64(14), np.int64(15)], 0.7908961593172119)","([np.int64(0), np.int64(1), np.int64(2), np.int64(3), np.int64(5), np.int64(6), np.int64(7), np.int64(8), np.int64(10), np.int64(12), np.int64(14)], 0.9815078236130867)","([np.int64(0), np.int64(1), np.int64(2), np.int64(3), np.int64(4), np.int64(6), np.int64(7), np.int64(8), np.int64(10), np.int64(12), np.int64(13), np.int64(14)], 0.9487908961593172)",0.16216216216216217
14,"([np.int64(0), np.int64(1), np.int64(2), np.int64(3), np.int64(4), np.int64(6), np.int64(7), np.int64(8), np.int64(13), np.int64(14), np.int64(15)], 0.7571022727272727)","([np.int64(0), np.int64(1), np.int64(2), np.int64(3), np.int64(5), np.int64(6), np.int64(7), np.int64(8), np.int64(10), np.int64(11), np.int64(12), np.int64(14), np.int64(15)], 0.96875)","([np.int64(0), np.int64(1), np.int64(2), np.int64(3), np.int64(4), np.int64(6), np.int64(7), np.int64(8), np.int64(10), np.int64(12), np.int64(13), np.int64(14)], 0.9517045454545454)",0.1846590909090909
15,"([np.int64(0), np.int64(1), np.int64(2), np.int64(3), np.int64(4), np.int64(5), np.int64(6), np.int64(7), np.int64(8), np.int64(9), np.int64(10), np.int64(11), np.int64(12), np.int64(13), np.int64(14), np.int64(15)], 0.8036984352773826)","([np.int64(0), np.int64(1), np.int64(2), np.int64(3), np.int64(4), np.int64(5), np.int64(6), np.int64(7), np.int64(8), np.int64(12), np.int64(14), np.int64(15)], 0.968705547652916)","([np.int64(0), np.int64(1), np.int64(2), np.int64(3), np.int64(4), np.int64(6), np.int64(7), np.int64(8), np.int64(10), np.int64(12), np.int64(13), np.int64(14)], 0.9402560455192034)",0.17496443812233287
16,"([np.int64(0), np.int64(1), np.int64(2), np.int64(3), np.int64(4), np.int64(5), np.int64(6), np.int64(7), np.int64(8), np.int64(9), np.int64(10), np.int64(11), np.int64(12), np.int64(13), np.int64(14), np.int64(15)], 0.8139204545454546)","([np.int64(0), np.int64(1), np.int64(2), np.int64(3), np.int64(5), np.int64(6), np.int64(7), np.int64(8), np.int64(10), np.int64(12), np.int64(14)], 0.9588068181818182)","([np.int64(0), np.int64(1), np.int64(2), np.int64(3), np.int64(4), np.int64(6), np.int64(7), np.int64(8), np.int64(10), np.int64(12), np.int64(13), np.int64(14)], 0.9460227272727273)",0.16051136363636365
17,"([np.int64(0), np.int64(1), np.int64(2), np.int64(3), np.int64(4), np.int64(5), np.int64(6), np.int64(7), np.int64(8), np.int64(10), np.int64(11), np.int64(14), np.int64(15)], 0.7752489331436699)","([np.int64(0), np.int64(1), np.int64(2), np.int64(3), np.int64(5), np.int64(6), np.int64(7), np.int64(8), np.int64(9), np.int64(10), np.int64(12), np.int64(14), np.int64(15)], 0.9559032716927454)","([np.int64(0), np.int64(1), np.int64(2), np.int64(3), np.int64(4), np.int64(6), np.int64(7), np.int64(8), np.int64(10), np.int64(12), np.int64(13), np.int64(14)], 0.9559032716927454)",0.16500711237553342
18,"([np.int64(0), np.int64(1), np.int64(2), np.int64(3), np.int64(4), np.int64(5), np.int64(6), np.int64(7), np.int64(8), np.int64(9), np.int64(10), np.int64(11), np.int64(12), np.int64(13), np.int64(14), np.int64(15)], 0.8051209103840683)","([np.int64(0), np.int64(1), np.int64(2), np.int64(3), np.int64(5), np.int64(6), np.int64(7), np.int64(8), np.int64(9), np.int64(10), np.int64(12), np.int64(13), np.int64(14)], 0.9487908961593172)","([np.int64(0), np.int64(1), np.int64(2), np.int64(3), np.int64(4), np.int64(6), np.int64(7), np.int64(8), np.int64(10), np.int64(12), np.int64(13), np.int64(14)], 0.9359886201991465)",0.15362731152204837
19,"([np.int64(0), np.int64(1), np.int64(2), np.int64(3), np.int64(4), np.int64(5), np.int64(6), np.int64(7), np.int64(8), np.int64(9), np.int64(10), np.int64(11), np.int64(12), np.int64(13), np.int64(14), np.int64(15)], 0.7567567567567568)","([np.int64(0), np.int64(1), np.int64(2), np.int64(3), np.int64(5), np.int64(6), np.int64(7), np.int64(8), np.int64(9), np.int64(10), np.int64(11), np.int64(12), np.int64(13), np.int64(14), np.int64(15)], 0.9587482219061166)","([np.int64(0), np.int64(1), np.int64(2), np.int64(3), np.int64(4), np.int64(6), np.int64(7), np.int64(8), np.int64(10), np.int64(12), np.int64(13), np.int64(14)], 0.9431009957325747)",0.14509246088193456
20,"([np.int64(0), np.int64(1), np.int64(2), np.int64(3), np.int64(4), np.int64(5), np.int64(6), np.int64(7), np.int64(8), np.int64(9), np.int64(10), np.int64(11), np.int64(12), np.int64(13), np.int64(14), np.int64(15)], 0.7769886363636364)","([np.int64(0), np.int64(1), np.int64(2), np.int64(3), np.int64(5), np.int64(6), np.int64(7), np.int64(8), np.int64(10), np.int64(12), np.int64(13), np.int64(14), np.int64(15)], 0.9630681818181818)","([np.int64(0), np.int64(1), np.int64(2), np.int64(3), np.int64(4), np.int64(6), np.int64(7), np.int64(8), np.int64(10), np.int64(12), np.int64(13), np.int64(14)], 0.9417613636363636)",0.1690340909090909
21,"([np.int64(0), np.int64(1), np.int64(2), np.int64(3), np.int64(4), np.int64(5), np.int64(6), np.int64(7), np.int64(8), np.int64(9), np.int64(10), np.int64(11), np.int64(12), np.int64(13), np.int64(14), np.int64(15)], 0.8250355618776671)","([np.int64(0), np.int64(1), np.int64(2), np.int64(3), np.int64(5), np.int64(6), np.int64(7), np.int64(8), np.int64(10), np.int64(12), np.int64(13), np.int64(14), np.int64(15)], 0.9644381223328592)","([np.int64(0), np.int64(1), np.int64(2), np.int64(3), np.int64(4), np.int64(6), np.int64(7), np.int64(8), np.int64(10), np.int64(12), np.int64(13), np.int64(14)], 0.9559032716927454)",0.1593172119487909
22,"([np.int64(0), np.int64(1), np.int64(2), np.int64(3), np.int64(4), np.int64(5), np.int64(6), np.int64(7), np.int64(8), np.int64(9), np.int64(10), np.int64(11), np.int64(12), np.int64(13), np.int64(14), np.int64(15)], 0.8565340909090909)","([np.int64(0), np.int64(2), np.int64(3), np.int64(5), np.int64(6), np.int64(7), np.int64(8), np.int64(10), np.int64(12), np.int64(14)], 0.9701704545454546)","([np.int64(0), np.int64(1), np.int64(2), np.int64(3), np.int64(4), np.int64(6), np.int64(7), np.int64(8), np.int64(10), np.int64(12), np.int64(13), np.int64(14)], 0.9502840909090909)",0.18039772727272727
23,"([np.int64(0), np.int64(1), np.int64(2), np.int64(3), np.int64(4), np.int64(5), np.int64(6), np.int64(7), np.int64(8), np.int64(9), np.int64(10), np.int64(11), np.int64(12), np.int64(13), np.int64(14), np.int64(15)], 0.8349928876244666)","([np.int64(0), np.int64(1), np.int64(2), np.int64(3), np.int64(5), np.int64(6), np.int64(7), np.int64(8), np.int64(10), np.int64(11), np.int64(12), np.int64(13), np.int64(14), np.int64(15)], 0.9715504978662873)","([np.int64(0), np.int64(1), np.int64(2), np.int64(3), np.int64(4), np.int64(6), np.int64(7), np.int64(8), np.int64(10), np.int64(12), np.int64(13), np.int64(14)], 0.9473684210526315)",0.16500711237553342
24,"([np.int64(0), np.int64(1), np.int64(2), np.int64(3), np.int64(4), np.int64(5), np.int64(6), np.int64(7), np.int64(8), np.int64(9), np.int64(10), np.int64(11), np.int64(12), np.int64(13), np.int64(14), np.int64(15)], 0.8122332859174964)","([np.int64(0), np.int64(1), np.int64(2), np.int64(3), np.int64(5), np.int64(6), np.int64(7), np.int64(8), np.int64(11), np.int64(14), np.int64(15)], 0.9672830725462305)","([np.int64(0), np.int64(1), np.int64(2), np.int64(3), np.int64(4), np.int64(6), np.int64(7), np.int64(8), np.int64(10), np.int64(12), np.int64(13), np.int64(14)], 0.9459459459459459)",0.15362731152204837
25,"([np.int64(0), np.int64(1), np.int64(2), np.int64(3), np.int64(4), np.int64(5), np.int64(6), np.int64(7), np.int64(8), np.int64(9), np.int64(10), np.int64(11), np.int64(12), np.int64(13), np.int64(14), np.int64(15)], 0.8238636363636364)","([np.int64(0), np.int64(1), np.int64(2), np.int64(3), np.int64(5), np.int64(6), np.int64(7), np.int64(8), np.int64(10), np.int64(11), np.int64(12), np.int64(14)], 0.9630681818181818)","([np.int64(0), np.int64(1), np.int64(2), np.int64(3), np.int64(4), np.int64(6), np.int64(7), np.int64(8), np.int64(10), np.int64(12), np.int64(13), np.int64(14)], 0.9573863636363636)",0.17755681818181818
26,"([np.int64(0), np.int64(1), np.int64(2), np.int64(3), np.int64(4), np.int64(5), np.int64(6), np.int64(7), np.int64(8), np.int64(9), np.int64(10), np.int64(11), np.int64(12), np.int64(13), np.int64(14), np.int64(15)], 0.7911931818181818)","([np.int64(0), np.int64(1), np.int64(2), np.int64(3), np.int64(4), np.int64(5), np.int64(6), np.int64(7), np.int64(8), np.int64(10), np.int64(11), np.int64(12), np.int64(14), np.int64(15)], 0.9644886363636364)","([np.int64(0), np.int64(1), np.int64(2), np.int64(3), np.int64(4), np.int64(6), np.int64(7), np.int64(8), np.int64(10), np.int64(12), np.int64(13), np.int64(14)], 0.9403409090909091)",0.15767045454545456
27,"([np.int64(0), np.int64(1), np.int64(2), np.int64(3), np.int64(4), np.int64(5), np.int64(6), np.int64(7), np.int64(8), np.int64(9), np.int64(10), np.int64(11), np.int64(12), np.int64(13), np.int64(14), np.int64(15)], 0.802275960170697)","([np.int64(0), np.int64(1), np.int64(2), np.int64(3), np.int64(5), np.int64(6), np.int64(7), np.int64(8), np.int64(9), np.int64(11), np.int64(14), np.int64(15)], 0.9587482219061166)","([np.int64(0), np.int64(1), np.int64(2), np.int64(3), np.int64(4), np.int64(6), np.int64(7), np.int64(8), np.int64(10), np.int64(12), np.int64(13), np.int64(14)], 0.9459459459459459)",0.18207681365576103
28,"([np.int64(0), np.int64(1), np.int64(2), np.int64(3), np.int64(4), np.int64(5), np.int64(6), np.int64(7), np.int64(8), np.int64(9), np.int64(11), np.int64(14), np.int64(15)], 0.7372159090909091)","([np.int64(0), np.int64(1), np.int64(2), np.int64(3), np.int64(5), np.int64(6), np.int64(7), np.int64(8), np.int64(9), np.int64(10), np.int64(12), np.int64(14), np.int64(15)], 0.9545454545454546)","([np.int64(0), np.int64(1), np.int64(2), np.int64(3), np.int64(4), np.int64(6), np.int64(7), np.int64(8), np.int64(10), np.int64(12), np.int64(13), np.int64(14)], 0.9488636363636364)",0.17613636363636365
29,"([np.int64(0), np.int64(1), np.int64(2), np.int64(3), np.int64(4), np.int64(5), np.int64(6), np.int64(7), np.int64(8), np.int64(9), np.int64(10), np.int64(11), np.int64(12), np.int64(13), np.int64(14), np.int64(15)], 0.8079658605974396)","([np.int64(0), np.int64(1), np.int64(2), np.int64(3), np.int64(5), np.int64(6), np.int64(7), np.int64(8), np.int64(10), np.int64(13), np.int64(14), np.int64(15)], 0.9658605974395448)","([np.int64(0), np.int64(1), np.int64(2), np.int64(3), np.int64(4), np.int64(6), np.int64(7), np.int64(8), np.int64(10), np.int64(12), np.int64(13), np.int64(14)], 0.9431009957325747)",0.13086770981507823
30,"([np.int64(0), np.int64(1), np.int64(2), np.int64(3), np.int64(4), np.int64(5), np.int64(6), np.int64(7), np.int64(8), np.int64(9), np.int64(10), np.int64(11), np.int64(12), np.int64(13), np.int64(14), np.int64(15)], 0.765625)","([np.int64(0), np.int64(1), np.int64(2), np.int64(3), np.int64(5), np.int64(6), np.int64(7), np.int64(8), np.int64(10), np.int64(14)], 0.9630681818181818)","([np.int64(0), np.int64(1), np.int64(2), np.int64(3), np.int64(4), np.int64(6), np.int64(7), np.int64(8), np.int64(10), np.int64(12), np.int64(13), np.int64(14)], 0.9616477272727273)",0.15482954545454544
31,"([np.int64(0), np.int64(1), np.int64(2), np.int64(3), np.int64(4), np.int64(5), np.int64(6), np.int64(7), np.int64(8), np.int64(9), np.int64(10), np.int64(11), np.int64(12), np.int64(13), np.int64(14), np.int64(15)], 0.8096590909090909)","([np.int64(0), np.int64(1), np.int64(2), np.int64(3), np.int64(5), np.int64(6), np.int64(7), np.int64(8), np.int64(9), np.int64(10), np.int64(14), np.int64(15)], 0.9786931818181818)","([np.int64(0), np.int64(1), np.int64(2), np.int64(3), np.int64(4), np.int64(6), np.int64(7), np.int64(8), np.int64(10), np.int64(12), np.int64(13), np.int64(14)], 0.9545454545454546)",0.17045454545454544
32,"([np.int64(0), np.int64(1), np.int64(2), np.int64(3), np.int64(4), np.int64(5), np.int64(6), np.int64(7), np.int64(14), np.int64(15)], 0.7155049786628734)","([np.int64(0), np.int64(1), np.int64(2), np.int64(3), np.int64(4), np.int64(5), np.int64(6), np.int64(7), np.int64(8), np.int64(9), np.int64(10), np.int64(12), np.int64(14), np.int64(15)], 0.9758179231863442)","([np.int64(0), np.int64(1), np.int64(2), np.int64(3), np.int64(4), np.int64(6), np.int64(7), np.int64(8), np.int64(10), np.int64(12), np.int64(13), np.int64(14)], 0.9530583214793741)",0.16216216216216217
33,"([np.int64(0), np.int64(1), np.int64(2), np.int64(3), np.int64(4), np.int64(5), np.int64(6), np.int64(7), np.int64(8), np.int64(9), np.int64(10), np.int64(11), np.int64(12), np.int64(13), np.int64(14), np.int64(15)], 0.8536931818181818)","([np.int64(0), np.int64(1), np.int64(2), np.int64(3), np.int64(5), np.int64(6), np.int64(7), np.int64(8), np.int64(9), np.int64(10), np.int64(12), np.int64(14), np.int64(15)], 0.9644886363636364)","([np.int64(0), np.int64(1), np.int64(2), np.int64(3), np.int64(4), np.int64(6), np.int64(7), np.int64(8), np.int64(10), np.int64(12), np.int64(13), np.int64(14)], 0.9559659090909091)",0.1534090909090909
34,"([np.int64(0), np.int64(1), np.int64(2), np.int64(3), np.int64(4), np.int64(5), np.int64(6), np.int64(7), np.int64(8), np.int64(9), np.int64(10), np.int64(11), np.int64(12), np.int64(13), np.int64(14), np.int64(15)], 0.8236130867709816)","([np.int64(0), np.int64(1), np.int64(2), np.int64(3), np.int64(4), np.int64(5), np.int64(6), np.int64(7), np.int64(8), np.int64(9), np.int64(10), np.int64(11), np.int64(12), np.int64(13), np.int64(14), np.int64(15)], 0.968705547652916)","([np.int64(0), np.int64(1), np.int64(2), np.int64(3), np.int64(4), np.int64(6), np.int64(7), np.int64(8), np.int64(10), np.int64(12), np.int64(13), np.int64(14)], 0.9544807965860598)",0.14793741109530584
35,"([np.int64(0), np.int64(1), np.int64(2), np.int64(3), np.int64(4), np.int64(5), np.int64(6), np.int64(7), np.int64(8), np.int64(9), np.int64(10), np.int64(11), np.int64(12), np.int64(13), np.int64(14), np.int64(15)], 0.8122332859174964)","([np.int64(0), np.int64(1), np.int64(2), np.int64(3), np.int64(5), np.int64(6), np.int64(7), np.int64(8), np.int64(10), np.int64(12), np.int64(13), np.int64(14), np.int64(15)], 0.968705547652916)","([np.int64(0), np.int64(1), np.int64(2), np.int64(3), np.int64(4), np.int64(6), np.int64(7), np.int64(8), np.int64(10), np.int64(12), np.int64(13), np.int64(14)], 0.9530583214793741)",0.16500711237553342
36,"([np.int64(0), np.int64(1), np.int64(2), np.int64(3), np.int64(4), np.int64(5), np.int64(6), np.int64(7), np.int64(8), np.int64(9), np.int64(10), np.int64(11), np.int64(12), np.int64(13), np.int64(14), np.int64(15)], 0.8196022727272727)","([np.int64(0), np.int64(1), np.int64(2), np.int64(3), np.int64(5), np.int64(6), np.int64(7), np.int64(8), np.int64(9), np.int64(10), np.int64(13), np.int64(14)], 0.9772727272727273)","([np.int64(0), np.int64(1), np.int64(2), np.int64(3), np.int64(4), np.int64(6), np.int64(7), np.int64(8), np.int64(10), np.int64(12), np.int64(13), np.int64(14)], 0.9417613636363636)",0.16477272727272727
37,"([np.int64(0), np.int64(1), np.int64(2), np.int64(3), np.int64(4), np.int64(5), np.int64(6), np.int64(7), np.int64(8), np.int64(9), np.int64(10), np.int64(11), np.int64(12), np.int64(13), np.int64(14), np.int64(15)], 0.8039772727272727)","([np.int64(0), np.int64(1), np.int64(2), np.int64(3), np.int64(4), np.int64(5), np.int64(6), np.int64(7), np.int64(8), np.int64(9), np.int64(10), np.int64(11), np.int64(12), np.int64(13), np.int64(14), np.int64(15)], 0.9588068181818182)","([np.int64(0), np.int64(1), np.int64(2), np.int64(3), np.int64(4), np.int64(6), np.int64(7), np.int64(8), np.int64(10), np.int64(12), np.int64(13), np.int64(14)], 0.9474431818181818)",0.1590909090909091
38,"([np.int64(0), np.int64(1), np.int64(2), np.int64(3), np.int64(4), np.int64(5), np.int64(6), np.int64(7), np.int64(8), np.int64(9), np.int64(10), np.int64(11), np.int64(12), np.int64(13), np.int64(14), np.int64(15)], 0.8125)","([np.int64(0), np.int64(1), np.int64(2), np.int64(3), np.int64(5), np.int64(6), np.int64(7), np.int64(8), np.int64(10), np.int64(12), np.int64(14), np.int64(15)], 0.9559659090909091)","([np.int64(0), np.int64(1), np.int64(2), np.int64(3), np.int64(4), np.int64(6), np.int64(7), np.int64(8), np.int64(10), np.int64(12), np.int64(13), np.int64(14)], 0.953125)",0.13352272727272727
39,"([np.int64(0), np.int64(1), np.int64(2), np.int64(3), np.int64(4), np.int64(6), np.int64(7), np.int64(10), np.int64(11), np.int64(14), np.int64(15)], 0.7386363636363636)","([np.int64(0), np.int64(1), np.int64(2), np.int64(3), np.int64(5), np.int64(6), np.int64(7), np.int64(8), np.int64(10), np.int64(12), np.int64(14)], 0.9673295454545454)","([np.int64(0), np.int64(1), np.int64(2), np.int64(3), np.int64(4), np.int64(6), np.int64(7), np.int64(8), np.int64(10), np.int64(12), np.int64(13), np.int64(14)], 0.953125)",0.17897727272727273
40,"([np.int64(0), np.int64(1), np.int64(2), np.int64(3), np.int64(4), np.int64(5), np.int64(6), np.int64(7), np.int64(8), np.int64(9), np.int64(10), np.int64(11), np.int64(12), np.int64(13), np.int64(14), np.int64(15)], 0.8039772727272727)","([np.int64(0), np.int64(1), np.int64(2), np.int64(3), np.int64(5), np.int64(6), np.int64(7), np.int64(8), np.int64(9), np.int64(10), np.int64(14)], 0.9673295454545454)","([np.int64(0), np.int64(1), np.int64(2), np.int64(3), np.int64(4), np.int64(6), np.int64(7), np.int64(8), np.int64(10), np.int64(12), np.int64(13), np.int64(14)], 0.9431818181818182)",0.1590909090909091
41,"([np.int64(0), np.int64(1), np.int64(2), np.int64(3), np.int64(4), np.int64(5), np.int64(6), np.int64(7), np.int64(8), np.int64(9), np.int64(10), np.int64(11), np.int64(12), np.int64(13), np.int64(14), np.int64(15)], 0.8108108108108109)","([np.int64(0), np.int64(1), np.int64(2), np.int64(3), np.int64(5), np.int64(6), np.int64(7), np.int64(8), np.int64(9), np.int64(12), np.int64(14), np.int64(15)], 0.9516358463726885)","([np.int64(0), np.int64(1), np.int64(2), np.int64(3), np.int64(4), np.int64(6), np.int64(7), np.int64(8), np.int64(10), np.int64(12), np.int64(13), np.int64(14)], 0.9402560455192034)",0.16358463726884778
42,"([np.int64(0), np.int64(1), np.int64(2), np.int64(3), np.int64(4), np.int64(5), np.int64(6), np.int64(7), np.int64(8), np.int64(9), np.int64(10), np.int64(11), np.int64(12), np.int64(13), np.int64(14), np.int64(15)], 0.8150782361308677)","([np.int64(0), np.int64(1), np.int64(2), np.int64(3), np.int64(5), np.int64(6), np.int64(7), np.int64(8), np.int64(10), np.int64(12), np.int64(13), np.int64(14), np.int64(15)], 0.9772403982930299)","([np.int64(0), np.int64(1), np.int64(2), np.int64(3), np.int64(4), np.int64(6), np.int64(7), np.int64(8), np.int64(10), np.int64(12), np.int64(13), np.int64(14)], 0.957325746799431)",0.13513513513513514
43,"([np.int64(0), np.int64(1), np.int64(2), np.int64(3), np.int64(4), np.int64(5), np.int64(6), np.int64(7), np.int64(8), np.int64(9), np.int64(10), np.int64(11), np.int64(12), np.int64(13), np.int64(14), np.int64(15)], 0.8196022727272727)","([np.int64(0), np.int64(1), np.int64(2), np.int64(3), np.int64(5), np.int64(6), np.int64(7), np.int64(8), np.int64(10), np.int64(12), np.int64(13), np.int64(14), np.int64(15)], 0.9588068181818182)","([np.int64(0), np.int64(1), np.int64(2), np.int64(3), np.int64(4), np.int64(6), np.int64(7), np.int64(8), np.int64(10), np.int64(12), np.int64(13), np.int64(14)], 0.9403409090909091)",0.16051136363636365
44,"([np.int64(0), np.int64(1), np.int64(2), np.int64(3), np.int64(4), np.int64(6), np.int64(7), np.int64(11), np.int64(14), np.int64(15)], 0.7524893314366998)","([np.int64(0), np.int64(1), np.int64(2), np.int64(3), np.int64(5), np.int64(6), np.int64(7), np.int64(8), np.int64(12), np.int64(13), np.int64(14)], 0.9672830725462305)","([np.int64(0), np.int64(1), np.int64(2), np.int64(3), np.int64(4), np.int64(6), np.int64(7), np.int64(8), np.int64(10), np.int64(12), np.int64(13), np.int64(14)], 0.9445234708392604)",0.16642958748221906
45,"([np.int64(0), np.int64(1), np.int64(2), np.int64(3), np.int64(4), np.int64(5), np.int64(6), np.int64(7), np.int64(8), np.int64(9), np.int64(10), np.int64(11), np.int64(12), np.int64(13), np.int64(14), np.int64(15)], 0.829302987197724)","([np.int64(0), np.int64(1), np.int64(2), np.int64(3), np.int64(4), np.int64(5), np.int64(6), np.int64(7), np.int64(8), np.int64(9), np.int64(10), np.int64(12), np.int64(13), np.int64(14), np.int64(15)], 0.9516358463726885)","([np.int64(0), np.int64(1), np.int64(2), np.int64(3), np.int64(4), np.int64(6), np.int64(7), np.int64(8), np.int64(10), np.int64(12), np.int64(13), np.int64(14)], 0.9388335704125178)",0.1593172119487909
46,"([np.int64(0), np.int64(1), np.int64(2), np.int64(3), np.int64(4), np.int64(5), np.int64(6), np.int64(7), np.int64(8), np.int64(9), np.int64(10), np.int64(11), np.int64(12), np.int64(13), np.int64(14), np.int64(15)], 0.7883522727272727)","([np.int64(0), np.int64(1), np.int64(2), np.int64(3), np.int64(5), np.int64(6), np.int64(7), np.int64(8), np.int64(9), np.int64(12), np.int64(13), np.int64(14)], 0.9673295454545454)","([np.int64(0), np.int64(1), np.int64(2), np.int64(3), np.int64(4), np.int64(6), np.int64(7), np.int64(8), np.int64(10), np.int64(12), np.int64(13), np.int64(14)], 0.9517045454545454)",0.16761363636363635
47,"([np.int64(0), np.int64(1), np.int64(2), np.int64(3), np.int64(4), np.int64(5), np.int64(6), np.int64(7), np.int64(8), np.int64(9), np.int64(10), np.int64(11), np.int64(12), np.int64(13), np.int64(14), np.int64(15)], 0.7784090909090909)","([np.int64(0), np.int64(1), np.int64(2), np.int64(3), np.int64(4), np.int64(5), np.int64(6), np.int64(7), np.int64(8), np.int64(10), np.int64(11), np.int64(13), np.int64(14), np.int64(15)], 0.9715909090909091)","([np.int64(0), np.int64(1), np.int64(2), np.int64(3), np.int64(4), np.int64(6), np.int64(7), np.int64(8), np.int64(10), np.int64(12), np.int64(13), np.int64(14)], 0.9431818181818182)",0.16335227272727273
48,"([np.int64(0), np.int64(1), np.int64(2), np.int64(3), np.int64(4), np.int64(5), np.int64(6), np.int64(7), np.int64(8), np.int64(9), np.int64(10), np.int64(11), np.int64(12), np.int64(13), np.int64(14), np.int64(15)], 0.8153409090909091)","([np.int64(0), np.int64(1), np.int64(2), np.int64(3), np.int64(4), np.int64(5), np.int64(6), np.int64(7), np.int64(8), np.int64(10), np.int64(14), np.int64(15)], 0.9744318181818182)","([np.int64(0), np.int64(1), np.int64(2), np.int64(3), np.int64(4), np.int64(6), np.int64(7), np.int64(8), np.int64(10), np.int64(12), np.int64(13), np.int64(14)], 0.9431818181818182)",0.16335227272727273
49,"([np.int64(0), np.int64(1), np.int64(2), np.int64(3), np.int64(4), np.int64(5), np.int64(6), np.int64(7), np.int64(8), np.int64(9), np.int64(10), np.int64(11), np.int64(12), np.int64(13), np.int64(14), np.int64(15)], 0.8378378378378378)","([np.int64(0), np.int64(1), np.int64(2), np.int64(3), np.int64(5), np.int64(6), np.int64(7), np.int64(8), np.int64(10), np.int64(12), np.int64(13), np.int64(14), np.int64(15)], 0.9615931721194879)","([np.int64(0), np.int64(1), np.int64(2), np.int64(3), np.int64(4), np.int64(6), np.int64(7), np.int64(8), np.int64(10), np.int64(12), np.int64(13), np.int64(14)], 0.9431009957325747)",0.14082503556187767
